COMPANY,Company Address,Select,Text,URL
BuilderTrend,Tier 1: Strongest Alignment (85-90% TAM Fit) Strong overall platform but high price point,Software + Guidance Models," All-in-one construction management platform with strong client communication tools designed specifically for residential builders and remodelers",https://buildertrend.com/
Lasso CRM Software,,,"Homebuilder-specific CRM designed to capture, nurture and convert home buyers throughout the sales process",lassocrm.com
TopBuilder Solutions,Tier 2: Good Potential (70-80% TAM Fit)  Strong marketing focus but per-user pricing challenges,Software + Guidance Models,"Pre-construction, sales and marketing software combining CRM with business intelligence for contractors",https://www.topbuildersolutions.com/
JobNimbus,,"Software-Only Models, project management platforms","All-in-one CRM and project management solution designed specifically for roofing, siding, and exterior contractors",https://www.jobnimbus.com/
BuildBook,Tier 1: Strongest Alignment (85-90% TAM Fit) Great affordability and ease-of-use but limited advanced marketing features,Software-Only Models," Simple, affordable construction management software for custom home builders, general contractors and remodelers",https://buildbook.co/
123worx,Tier 2: Good Potential (70-80% TAM Fit) Comprehensive features but high base cost,,All-in-one construction management solution with integrated Microsoft 365 functionality for enhanced productivity,https://123worx.com/
Houzz Pro,,,Business management software for contractors and design professionals with integrated marketing and project management tools,https://www.houzz.com/
Contractor Foreman,,Software-Only Models,"Affordable, comprehensive construction management software with unlimited projects and extensive feature set",https://contractorforeman.com/
BuildTools (ECI Solutions),Tier 1: Strongest Alignment (85-90% TAM Fit) Strong project management focus but lacks transparent pricing,Enterprise/Custom Models,Construction project management platform designed specifically for custom home builders and remodelers with focus on scheduling and budget control,https://www.ecisolutions.com/
Anewgo,,," AI-powered digital marketing platform specializing in interactive visualizations, virtual tours, and personalized home design experiences for builders",https://anewgo.com/
OpenHouse.ai,Tier 2: Good Potential (70-80% TAM Fit) Innovative AI approach but newer platform,"Strategic Guidance Integration, Transparent Value-Based Pricing",AI-powered marketing platform that helps home builders optimize customer experience and increase sales through data-driven insights,https://openhouse.ai/
Tokara Solutions (Homebuilder CRM),,Enterprise/Custom Models,Enterprise-grade homebuilder CRM built on Salesforce platform with deep industry customization for large builders,https://www.tokarasolutions.com/
ONeil Interactive (Homefiniti),,,Full-service web development and marketing company exclusively serving homebuilders with Homefiniti website platform and comprehensive digital marketing services,https://oneilinteractive.com/